"rf_error_dev","glmboost_error_dev","lm_error_dev","svm_error_dev"
1,0.0147888116464428,0.0147888114411295,0.0147888113211777
0.0147888116464428,1,1,1
0.0147888114411295,1,1,1
0.0147888113211777,1,1,1
